{
  "timestamp": "20250528_002901",
  "results": {
    "auc": 0.7704651937117986,
    "accuracy": 0.7527098563145954,
    "log_loss": 0.4478033504736466,
    "n_samples": 119006,
    "n_features": 37,
    "n_goals": 